[
    {
        "from": "language:out",
        "to": "emotion",
        "strength": 0.8000000000000000444089209850062616169452667236328125
    },
    {
        "from": "audio:out",
        "to": "emotion",
        "strength": 0.59999999999999997779553950749686919152736663818359375
    },
    {
        "from": "emotion:out",
        "to": "context",
        "strength": 0.5
    },
    {
        "from": "context:out",
        "to": "language",
        "strength": 0.40000000000000002220446049250313080847263336181640625
    }
]